-- phpMyAdmin SQL Dump
-- version 5.2.1
-- https://www.phpmyadmin.net/
--
-- Host: 127.0.0.1
-- Generation Time: Jun 29, 2024 at 06:30 PM
-- Server version: 10.4.32-MariaDB
-- PHP Version: 8.2.12

SET SQL_MODE = "NO_AUTO_VALUE_ON_ZERO";
START TRANSACTION;
SET time_zone = "+00:00";


/*!40101 SET @OLD_CHARACTER_SET_CLIENT=@@CHARACTER_SET_CLIENT */;
/*!40101 SET @OLD_CHARACTER_SET_RESULTS=@@CHARACTER_SET_RESULTS */;
/*!40101 SET @OLD_COLLATION_CONNECTION=@@COLLATION_CONNECTION */;
/*!40101 SET NAMES utf8mb4 */;

--
-- Database: `gspmultimedia`
--

-- --------------------------------------------------------

--
-- Table structure for table `admin`
--

CREATE TABLE `admin` (
  `admin_id` int(11) NOT NULL,
  `username` varchar(30) DEFAULT NULL,
  `password` varchar(255) DEFAULT NULL,
  `tanggal_login` date DEFAULT NULL
) ENGINE=InnoDB DEFAULT CHARSET=utf8mb4 COLLATE=utf8mb4_general_ci;

-- --------------------------------------------------------

--
-- Table structure for table `barang`
--

CREATE TABLE `barang` (
  `barang_id` int(11) NOT NULL,
  `nama_barang` varchar(255) NOT NULL,
  `kategori` varchar(255) DEFAULT NULL,
  `stok` int(11) NOT NULL,
  `harga_sewa` decimal(10,2) NOT NULL,
  `supplier_id` int(11) DEFAULT NULL
) ENGINE=InnoDB DEFAULT CHARSET=utf8mb4 COLLATE=utf8mb4_general_ci;

--
-- Dumping data for table `barang`
--

INSERT INTO `barang` (`barang_id`, `nama_barang`, `kategori`, `stok`, `harga_sewa`, `supplier_id`) VALUES
(1, 'Kamera DSLR Canon', 'Camera Equipment', 5, 5000000.00, NULL),
(2, 'Sound System', 'Audio Equipment', 8, 18000000.00, NULL),
(3, 'Mikrofon Shure', 'Audio Equipment', 20, 50000.00, NULL),
(4, 'Lensa Canon 50mm', 'Camera Equipment', 15, 100000.00, NULL),
(5, 'Speaker JBL', 'Audio Equipment', 8, 200000.00, NULL),
(6, 'Recorders', 'Production Equipment', 7, 1400000.00, NULL),
(7, 'Lighting Controller', 'Lighting Equipment', 12, 200000.00, NULL);

-- --------------------------------------------------------

--
-- Table structure for table `customer`
--

CREATE TABLE `customer` (
  `customer_id` int(11) NOT NULL,
  `nama_customer` varchar(255) NOT NULL,
  `alamat` text DEFAULT NULL,
  `telepon` varchar(15) DEFAULT NULL,
  `email` varchar(255) DEFAULT NULL
) ENGINE=InnoDB DEFAULT CHARSET=utf8mb4 COLLATE=utf8mb4_general_ci;

--
-- Dumping data for table `customer`
--

INSERT INTO `customer` (`customer_id`, `nama_customer`, `alamat`, `telepon`, `email`) VALUES
(1, 'tika', 'Jl.pendidikan no. 34, jayapura', '085244789904', 'vatikajuniar22@gmail.com'),
(2, 'Budi Santoso', 'Jl. Kenanga No. 34, Yogyakarta', '082345678901', 'budi.santoso@yahoo.com'),
(3, 'Citra Dewi', 'Jl. Anggrek No. 45, Yogyakarta', '083456789012', 'citra.dewi@outlook.com'),
(4, 'Dedi Irawan', 'Jl. Mawar No. 56, Yogyakarta', '084567890123', 'dedi.irawan@hotmail.com'),
(5, 'Erni Lestari', 'Jl. Dahlia No. 67, Yogyakarta', '085678901234', 'erni.lestari@gmail.com');

-- --------------------------------------------------------

--
-- Table structure for table `peminjaman`
--

CREATE TABLE `peminjaman` (
  `peminjaman_id` int(11) NOT NULL,
  `customer_id` int(11) DEFAULT NULL,
  `barang_id` int(11) DEFAULT NULL,
  `tanggal_reservasi` date NOT NULL,
  `tanggal_pinjam` date NOT NULL,
  `jumlah` int(11) NOT NULL,
  `total_harga` decimal(10,2) NOT NULL,
  `kondisi_awal` varchar(100) DEFAULT NULL
) ENGINE=InnoDB DEFAULT CHARSET=utf8mb4 COLLATE=utf8mb4_general_ci;

--
-- Dumping data for table `peminjaman`
--

INSERT INTO `peminjaman` (`peminjaman_id`, `customer_id`, `barang_id`, `tanggal_reservasi`, `tanggal_pinjam`, `jumlah`, `total_harga`, `kondisi_awal`) VALUES
(1, 1, 1, '2024-06-13', '2024-06-15', 3, 12000000.00, 'Baik'),
(2, 2, 2, '2024-06-01', '2024-06-03', 1, 600000.00, 'baik'),
(3, 3, 3, '2024-06-02', '2024-06-03', 2, 300000.00, 'baik'),
(4, 4, 4, '2024-06-04', '2024-06-04', 1, 300000.00, 'baik'),
(5, 5, 5, '2024-06-05', '2024-06-06', 1, 600000.00, 'baik');

-- --------------------------------------------------------

--
-- Table structure for table `pengembalian`
--

CREATE TABLE `pengembalian` (
  `pengembalian_id` int(11) NOT NULL,
  `peminjaman_id` int(11) DEFAULT NULL,
  `tanggal_kembali` date NOT NULL,
  `kondisi_Akhir` text DEFAULT NULL,
  `denda` decimal(10,2) DEFAULT NULL
) ENGINE=InnoDB DEFAULT CHARSET=utf8mb4 COLLATE=utf8mb4_general_ci;

--
-- Dumping data for table `pengembalian`
--

INSERT INTO `pengembalian` (`pengembalian_id`, `peminjaman_id`, `tanggal_kembali`, `kondisi_Akhir`, `denda`) VALUES
(1, 1, '2024-06-22', 'rusak', 1000000.00),
(2, 2, '2024-06-04', 'baik', 0.00),
(3, 3, '2024-06-05', 'baik', 50000.00),
(4, 4, '2024-06-07', 'baik', 0.00),
(5, 5, '2024-06-08', 'baik', 50000.00);

-- --------------------------------------------------------

--
-- Table structure for table `supplier`
--

CREATE TABLE `supplier` (
  `supplier_id` int(11) NOT NULL,
  `nama_supplier` varchar(255) NOT NULL,
  `alamat` text DEFAULT NULL,
  `telepon` varchar(15) DEFAULT NULL,
  `email` varchar(255) DEFAULT NULL
) ENGINE=InnoDB DEFAULT CHARSET=utf8mb4 COLLATE=utf8mb4_general_ci;

--
-- Dumping data for table `supplier`
--

INSERT INTO `supplier` (`supplier_id`, `nama_supplier`, `alamat`, `telepon`, `email`) VALUES
(1, 'Vatika ', 'Jl.Pendidikan, No. 34, Jayapura', '085244739876', 'vatika@gmail.com'),
(2, 'Raisa Ningtyas', 'Jl.Pahlawan, No. 23, Malang', '084567328907', 'isaningtyas@gmail.com'),
(3, 'Nayara Putri', 'Jl.Gajah Mada, No. 10, Yogyakarta', '089906432162', 'nayputri@gmail.com'),
(4, 'Rey Dirgantara', 'Jl.Nusa Baru, No. 84, Jakarta', '086409776342', 'reygantara@gmail.com'),
(5, 'Gavin Argantara', 'Jl.Anggrek, No 12, Bandung', '089767453245', 'gavinntara@gmail.com');

--
-- Indexes for dumped tables
--

--
-- Indexes for table `admin`
--
ALTER TABLE `admin`
  ADD PRIMARY KEY (`admin_id`);

--
-- Indexes for table `barang`
--
ALTER TABLE `barang`
  ADD PRIMARY KEY (`barang_id`),
  ADD KEY `supplier_id` (`supplier_id`);

--
-- Indexes for table `customer`
--
ALTER TABLE `customer`
  ADD PRIMARY KEY (`customer_id`);

--
-- Indexes for table `peminjaman`
--
ALTER TABLE `peminjaman`
  ADD PRIMARY KEY (`peminjaman_id`),
  ADD KEY `customer_id` (`customer_id`),
  ADD KEY `barang_id` (`barang_id`);

--
-- Indexes for table `pengembalian`
--
ALTER TABLE `pengembalian`
  ADD PRIMARY KEY (`pengembalian_id`),
  ADD KEY `peminjaman_id` (`peminjaman_id`);

--
-- Indexes for table `supplier`
--
ALTER TABLE `supplier`
  ADD PRIMARY KEY (`supplier_id`);

--
-- AUTO_INCREMENT for dumped tables
--

--
-- AUTO_INCREMENT for table `barang`
--
ALTER TABLE `barang`
  MODIFY `barang_id` int(11) NOT NULL AUTO_INCREMENT, AUTO_INCREMENT=15;

--
-- AUTO_INCREMENT for table `customer`
--
ALTER TABLE `customer`
  MODIFY `customer_id` int(11) NOT NULL AUTO_INCREMENT, AUTO_INCREMENT=6;

--
-- AUTO_INCREMENT for table `peminjaman`
--
ALTER TABLE `peminjaman`
  MODIFY `peminjaman_id` int(11) NOT NULL AUTO_INCREMENT, AUTO_INCREMENT=6;

--
-- AUTO_INCREMENT for table `pengembalian`
--
ALTER TABLE `pengembalian`
  MODIFY `pengembalian_id` int(11) NOT NULL AUTO_INCREMENT, AUTO_INCREMENT=6;

--
-- AUTO_INCREMENT for table `supplier`
--
ALTER TABLE `supplier`
  MODIFY `supplier_id` int(11) NOT NULL AUTO_INCREMENT, AUTO_INCREMENT=6;

--
-- Constraints for dumped tables
--

--
-- Constraints for table `barang`
--
ALTER TABLE `barang`
  ADD CONSTRAINT `barang_ibfk_1` FOREIGN KEY (`supplier_id`) REFERENCES `supplier` (`supplier_id`);

--
-- Constraints for table `peminjaman`
--
ALTER TABLE `peminjaman`
  ADD CONSTRAINT `peminjaman_ibfk_1` FOREIGN KEY (`customer_id`) REFERENCES `customer` (`customer_id`),
  ADD CONSTRAINT `peminjaman_ibfk_2` FOREIGN KEY (`barang_id`) REFERENCES `barang` (`barang_id`);

--
-- Constraints for table `pengembalian`
--
ALTER TABLE `pengembalian`
  ADD CONSTRAINT `pengembalian_ibfk_1` FOREIGN KEY (`peminjaman_id`) REFERENCES `peminjaman` (`peminjaman_id`);
COMMIT;

/*!40101 SET CHARACTER_SET_CLIENT=@OLD_CHARACTER_SET_CLIENT */;
/*!40101 SET CHARACTER_SET_RESULTS=@OLD_CHARACTER_SET_RESULTS */;
/*!40101 SET COLLATION_CONNECTION=@OLD_COLLATION_CONNECTION */;
